"ID";"Название";"Регион справочника";"Город";"Адрес";"Качество координат";"Причина"
"BS-0123";"ГБУ РД «Республиканская станция переливания крови»";"Республика Дагестан";"Махачкала";"ул. Джамалутдина Атаева, д. 3";"approximate";"Совпали населённый пункт и улица; точка улицы, дом не подтверждён"
"BS-0131";"ГБУЗ РМ «Мордовская республиканская станция переливания крови»";"Республика Мордовия";"Саранск";"ул. Дальняя, д. 3А";"approximate";"Совпали населённый пункт и улица; точка улицы, дом не подтверждён"
"BS-0166";"КГБУЗ «Славгородская ЦРБ»";"Алтайский край";"Славгород";"с. Славгородское, ул. Ленина, д. 288";"approximate";"Совпали населённый пункт и улица; точка улицы, дом не подтверждён"
"BS-0181";"Филиал Калачеевский БУЗ ВО ВОСПК";"Воронежская область";"Калач";"ул. Борцов Революции, д. 20";"approximate";"Совпали населённый пункт и улица; точка улицы, дом не подтверждён"
"BS-0187";"Фурмановский филиал";"Ивановская область";"Фурманов";"ул. Тимирязева, д. 1";"approximate";"Совпали населённый пункт и улица; точка улицы, дом не подтверждён"
"BS-0237";"ГОАУЗ «Мончегорская центральная районная больница»";"Мурманская область";"Мончегорск";"пр. Кирова, д. 6";"approximate";"Совпали населённый пункт и улица; точка улицы, дом не подтверждён"
"BS-0242";"ГБУЗ НСО «Карасукская ЦРБ», ОПК";"Новосибирская область";"Карасук";"ул. Гагарина, д. 1А";"approximate";"Совпали населённый пункт и улица; точка улицы, дом не подтверждён"
"BS-0258";"ГБУЗ ПК «Краевая больница им. ак. Вагнера Е.А.»";"Пермский край";"Березники";"ул. Ленина, д. 22а";"approximate";"Совпали населённый пункт и улица; точка улицы, дом не подтверждён"
"BS-0270";"Филиал ГБУЗ РСПК в г. Кумертау";"Республика Башкортостан";"Кумертау";"ул. Машиностроителей, д. 7/1";"approximate";"Совпали населённый пункт и улица; точка улицы, дом не подтверждён"
"BS-0282";"Керченский филиал ГБУЗ РК «Центр крови»";"Республика Крым";"Керчь";"ул. Карла Маркса, д. 31";"approximate";"Совпали населённый пункт и улица; точка улицы, дом не подтверждён"
"BS-0297";"ОПК ГБУЗ РТ «Пий-Хемская ЦКБ»";"Республика Тыва";"Туран";"ул. Космонавтов, д. 12";"approximate";"Совпали населённый пункт и улица; точка улицы, дом не подтверждён"
"BS-0309";"ОПК ГБУ РО «СПК» в г. Таганроге";"Ростовская область";"Таганрог";"пер. Каркасный, д. 5А";"approximate";"Совпали населённый пункт и улица; точка улицы, дом не подтверждён"
"BS-0326";"Отделение заготовки крови ГАУЗ СО «ОСПК»";"Свердловская область";"Асбест";"Больничный городок, д. 3";"approximate";"Совпали населённый пункт и улица; точка улицы, дом не подтверждён"
"BS-0335";"ГБУЗ ТО «СПК», Вышневолоцкое отделение";"Тверская область";"Вышний Волочек";"ул. Садовая, д. 8";"approximate";"Совпали населённый пункт и улица; точка улицы, дом не подтверждён"